﻿<?xml version="1.0" encoding="utf-8" standalone="yes"?><CyBLEMTKTestProgram><Name>NewTestProgram1.xml</Name><NumberOfTests>5</NumberOfTests><Test><TestIndex>0</TestIndex><Name>MTKTestRXPER</Name><NumberOfParamerters>6</NumberOfParamerters><ChannelNumber>0</ChannelNumber><PowerLevel>0 dBm</PowerLevel><NumberOfPackets>1500</NumberOfPackets><PacketType>PRBS9</PacketType><PacketLength>37</PacketLength><PERPassCriterion>30.8</PERPassCriterion></Test><Test><TestIndex>1</TestIndex><Name>MTKTestTXPER</Name><NumberOfParamerters>6</NumberOfParamerters><ChannelNumber>0</ChannelNumber><PowerLevel>0 dBm</PowerLevel><NumberOfPackets>1500</NumberOfPackets><PacketType>PRBS9</PacketType><PacketLength>37</PacketLength><PERPassCriterion>30.8</PERPassCriterion></Test><Test><TestIndex>2</TestIndex><Name>MTKTestTXP</Name><NumberOfParamerters>5</NumberOfParamerters><ChannelNumber>0</ChannelNumber><PowerLevel>0 dBm</PowerLevel><NumberOfPackets>1500</NumberOfPackets><PacketType>PRBS9</PacketType><PacketLength>37</PacketLength></Test><Test><TestIndex>3</TestIndex><Name>MTKTestRXP</Name><NumberOfParamerters>5</NumberOfParamerters><ChannelNumber>0</ChannelNumber><PowerLevel>0 dBm</PowerLevel><NumberOfPackets>1500</NumberOfPackets><PacketType>PRBS9</PacketType><PacketLength>37</PacketLength></Test><Test><TestIndex>4</TestIndex><Name>MTKTestBDAProgrammer</Name><NumberOfParamerters>0</NumberOfParamerters></Test></CyBLEMTKTestProgram>